longitude,Z,,,,,,,,,,
degrees_east,m,,y_n*cos(2pi/360*x_n),y_n*sin(2pi/360*x_n),,Model 1,,y_n*cos(2*PI()*2/360*A3),y_n*sin(2*2*PI()/360*A3),,Model 2
0,5496.12,,5496.12,0,,5518.799994,,5496.12,0,,5510.520673
1,5512.98,,5512.140346,96.21476764,,5518.794552,,5509.621642,192.4002273,,5512.943416
2,5528.6396,,5525.271702,192.9467395,,5518.816938,,5515.172112,385.6584031,,5515.401117
3,5543,,5535.403511,290.0982055,,5518.867146,,5512.634866,579.4012719,,5517.890801
4,5555.9,,5542.366107,387.5599925,,5518.945162,,5501.830363,773.2318316,,5520.409481
5,5567.34,,5546.15459,485.2256528,,5519.05096,,5482.759596,966.7584455,,5522.954161
6,5577.5,,5546.945871,583.0075039,,5519.184509,,5455.618243,1159.627456,,5525.521836
7,5586.36,,5544.72012,680.8060252,,5519.345768,,5420.421233,1351.462801,,5528.1095
8,5593.7397,,5539.30181,778.4981,,5519.534688,,5377.047711,1541.84362,,5530.714148
9,5599.78,,5530.837416,875.9985886,,5519.751212,,5325.707259,1730.427185,,5533.332779
10,5604.86,,5519.709583,973.2737251,,5519.995273,,5266.845583,1916.975021,,5535.9624
11,5609.36,,5506.300258,1070.316346,,5520.266798,,5200.908026,2101.303241,,5538.600031
12,5613.1997,,5490.537819,1167.049841,,5520.565702,,5127.913089,2283.094003,,5541.242706
13,5616.32,,5472.374082,1263.397106,,5520.891897,,5047.914978,2462.032639,,5543.887479
14,5618.96,,5452.052874,1359.349454,,5521.245281,,4961.247206,2637.941932,,5546.531425
15,5621.1797,,5429.642646,1454.868362,,5521.625748,,4868.084419,2810.58985,,5549.171647
16,5622.76,,5404.943813,1549.842699,,5522.033181,,4768.370913,2979.608842,,5551.805274
17,5623.6597,,5377.932517,1644.198973,,5522.467456,,4662.225187,3144.710596,,5554.429472
18,5624.1997,,5348.931774,1737.973287,,5522.928442,,4550.073137,3305.82164,,5557.041438
19,5624.9,,5318.447436,1831.288312,,5523.415997,,4432.481688,3463.034233,,5559.638413
20,5625.78,,5286.503952,1924.130082,,5523.929974,,4309.597507,3616.181679,,5562.217677
21,5626.62,,5252.902299,2016.400272,,5524.470215,,4181.393538,3764.943652,,5564.776559
22,5627.34,,5217.578792,2108.038667,,5525.036556,,4047.969632,3909.078834,,5567.312433
23,5628,,5180.601315,2199.034791,,5525.628825,,3909.537309,4048.444396,,5569.822729
24,5628.82,,5142.182943,2289.447351,,5526.246841,,3766.41574,4183.028457,,5572.304928
25,5630.04,,5102.549093,2379.357718,,5526.890416,,3618.919954,4312.860857,,5574.756571
26,5631.82,,5061.846286,2468.827392,,5527.559353,,3467.29461,4437.934722,,5577.17526
27,5634.1,,5020.019858,2557.827875,,5528.25345,,3311.64089,4558.082648,,5579.558658
28,5636.6,,4976.822402,2646.223411,,5528.972494,,3151.94672,4672.953181,,5581.904496
29,5639.1997,,4932.15519,2733.938265,,5529.716267,,2988.320556,4782.312569,,5584.210574
30,5642.1,,4886.201931,2821.05,,5530.484542,,2821.05,4886.201931,,5586.474761
31,5645.32,,4838.983706,2907.554745,,5531.277085,,2650.317203,4984.521705,,5588.695
32,5648.4,,4790.114866,2993.195972,,5532.093655,,2476.095586,5076.748291,,5590.869311
33,5650.88,,4739.226739,3077.68983,,5532.934002,,2298.419962,5162.335756,,5592.995791
34,5652.6997,,4686.300438,3160.949558,,5533.797872,,2117.538578,5241.091897,,5595.072616
35,5653.96,,4631.452892,3242.978228,,5534.685,,1933.76821,5312.98449,,5597.098047
36,5654.56,,4574.635136,3323.666976,,5535.595117,,1747.355136,5377.806135,,5599.070425
37,5654.36,,4515.772683,3402.878794,,5536.527945,,1558.552839,5435.319683,,5600.98818
38,5653.58,,4455.081836,3480.691404,,5537.4832,,1367.724791,5485.644512,,5602.849827
39,5652.6997,,4392.972743,3557.359186,,5538.460591,,1175.262352,5529.174649,,5604.653971
40,5652.32,,4329.928327,3633.241262,,5539.459821,,981.5150676,5566.448559,,5606.399307
41,5652.98,,4266.358163,3708.68857,,5540.480585,,786.7427563,5597.965587,,5608.084622
42,5655.2397,,4202.66212,3784.09397,,5541.522572,,591.1335153,5624.259705,,5609.708795
43,5659.36,,4138.993885,3859.674239,,5542.585465,,394.7769972,5645.574083,,5611.270799
44,5664.94,,4075.016809,3935.197989,,5543.668939,,197.7035548,5661.489072,,5612.769703
45,5671,,4010.002556,4010.002556,,5544.772666,,3.47391E-13,5671,,5614.20467
46,5676.9,,3943.506103,4083.620113,,5545.896308,,-198.1209528,5673.441786,,5615.57496
47,5682.38,,3875.373841,4155.829647,,5547.039524,,-396.3827913,5668.538008,,5616.879931
48,5687.26,,3805.519732,4226.45784,,5548.201965,,-594.480548,5656.104595,,5618.119038
49,5691.1597,,3733.736707,4295.172748,,5549.383278,,-792.0563435,5635.773725,,5619.291833
50,5693.78,,3659.891236,4361.688529,,5550.583101,,-988.714521,5607.278688,,5620.397966
51,5695.02,,3583.992213,4425.861793,,5551.80107,,-1184.061237,5570.570149,,5621.437186
52,5695,,3506.192102,4487.721242,,5553.036815,,-1377.745195,5525.834161,,5622.40934
53,5693.84,,3426.638451,4547.302813,,5554.289957,,-1569.435002,5473.270295,,5623.314373
54,5691.84,,3345.57961,4604.795289,,5555.560116,,-1758.875289,5413.261522,,5624.152327
55,5689.26,,3263.225476,4660.368959,,5556.846905,,-1945.841521,5346.15564,,5624.923341
56,5686.2197,,3179.693704,4714.089777,,5558.149932,,-2130.095391,5272.171099,,5625.627653
57,5682.6196,,3094.976455,4765.845807,,5559.4688,,-2311.32962,5191.331323,,5626.265594
58,5678.42,,3009.104148,4815.57327,,5560.803106,,-2489.255487,5103.730088,,5626.837593
59,5673.7397,,2922.191973,4863.344144,,5562.152446,,-2663.659444,5009.614811,,5627.344172
60,5668.88,,2834.44,4909.394091,,5563.516407,,-2834.44,4909.394091,,5627.785947
61,5664.04,,2745.981081,4953.881006,,5564.894574,,-3001.483909,4803.378339,,5628.163625
62,5659.26,,2656.861636,4996.829994,,5566.286528,,-3164.618031,4691.739173,,5628.478006
63,5654.48,,2567.080201,5038.178571,,5567.691844,,-3323.619953,4574.570414,,5628.729978
64,5649.56,,2476.604096,5077.790892,,5569.110095,,-3478.216445,4451.914033,,5628.92052
65,5644.38,,2385.418064,5115.545547,,5570.540848,,-3628.137528,4323.845934,,5629.050693
66,5638.76,,2293.490314,5151.263585,,5571.983667,,-3773.066898,4190.415316,,5629.121649
67,5632.5,,2200.793081,5184.743587,,5573.438113,,-3912.663272,4051.681425,,5629.134617
68,5625.34,,2107.289454,5215.724424,,5574.903744,,-4046.530952,3907.689518,,5629.090911
69,5616.96,,2012.938438,5243.883912,,5576.380111,,-4174.214759,3758.479851,,5628.991925
70,5607.1396,,1917.75469,5268.987706,,5577.866767,,-4295.318132,3604.199861,,5628.839127
71,5595.7397,,1821.794647,5290.875831,,5579.363258,,-4409.503058,3445.081359,,5628.634062
72,5582.98,,1725.235699,5309.729509,,5580.869127,,-4516.725699,3281.593308,,5628.378347
73,5569.48,,1628.358362,5326.120212,,5582.383917,,-4617.30818,3114.413692,,5628.073669
74,5556.02,,1531.446662,5340.789208,,5583.907166,,-4711.772183,2944.24203,,5627.721785
75,5543.12,,1434.665025,5354.242766,,5585.43841,,-4800.482736,2771.56,,5627.324515
76,5530.6396,,1337.982816,5366.355967,,5586.977183,,-4883.264922,2596.478016,,5626.883741
77,5517.92,,1241.261922,5376.496068,,5588.523015,,-4959.473644,2418.896918,,5626.401407
78,5504.1,,1144.366737,5383.822209,,5590.075437,,-5028.245553,2238.719157,,5625.879513
79,5488.6797,,1047.28946,5387.837195,,5591.633974,,-5089.015201,2056.095605,,5625.320113
80,5471.7397,,950.1576276,5388.611679,,5593.198153,,-5141.753419,1871.445196,,5624.725314
81,5453.8,,853.1622854,5386.654672,,5594.767496,,-5186.872029,1685.316884,,5624.097268
82,5435.56,,756.4837407,5382.661504,,5596.341527,,-5224.995624,1498.243386,,5623.438175
83,5417.7197,,660.2539426,5377.336839,,5597.919764,,-5256.790271,1310.66502,,5622.750276
84,5400.94,,564.5519584,5371.353086,,5599.501729,,-5282.916503,1122.918567,,5622.035852
85,5385.94,,469.4156011,5365.444872,,5601.086938,,-5304.115469,935.258666,,5621.297219
86,5373.58,,374.8419922,5360.490229,,5602.674909,,-5321.284689,747.8577919,,5620.536724
87,5364.94,,280.7792651,5357.587536,,5604.265158,,-5335.550297,560.7889337,,5619.756745
88,5361.2197,,187.1038692,5357.95379,,5605.857201,,-5348.160038,373.9797812,,5618.959686
89,5363.44,,93.60493478,5362.623122,,5607.450552,,-5360.172737,187.1813566,,5618.147972
90,5372.1597,,3.29085E-13,5372.1597,,5609.044727,,-5372.1597,6.58169E-13,,5617.324049
91,5387.6597,,-94.02762683,5386.839133,,5610.63924,,-5384.377683,-188.0266119,,5616.490376
92,5410,,-188.8062772,5406.704374,,5612.233605,,-5396.821512,-377.382523,,5615.649427
93,5438.36,,-284.621771,5430.906917,,5613.827337,,-5408.568095,-568.4634135,,5614.803683
94,5470.32,,-381.5902335,5456.994575,,5615.419949,,-5417.083222,-761.3213976,,5613.95563
95,5502.06,,-479.5361259,5481.123001,,5617.010958,,-5418.471346,-955.4226924,,5613.107757
96,5530.06,,-578.0486736,5499.765753,,5618.599878,,-5409.214921,-1149.764125,,5612.26255
97,5552.3,,-676.6551554,5510.913998,,5620.186224,,-5387.372961,-1343.222941,,5611.422493
98,5569.1,,-775.0689166,5514.901902,,5621.769515,,-5353.362511,-1535.051998,,5610.590056
99,5582.6396,,-873.3172393,5513.908043,,5623.349268,,-5309.40577,-1725.13051,,5609.767701
100,5595.4,,-971.6310133,5510.393301,,5624.925001,,-5257.95609,-1913.73951,,5608.957875
101,5608.6597,,-1070.182723,5505.612824,,5626.496235,,-5200.25872,-2101.040904,,5608.163002
102,5621.86,,-1168.850418,5499.008871,,5628.062491,,-5135.824667,-2286.616464,,5607.385487
103,5633.54,,-1267.270763,5489.152735,,5629.623291,,-5063.392212,-2469.58139,,5606.627709
104,5642.82,,-1365.121711,5475.20413,,5631.178161,,-4982.314336,-2649.143524,,5605.892017
105,5650.32,,-1462.410427,5457.790015,,5632.726627,,-4893.32066,-2825.16,,5605.180728
106,5657.38,,-1559.385264,5438.222693,,5634.268217,,-4797.730338,-2997.954647,,5604.496123
107,5664.86,,-1656.244775,5417.33256,,5635.802461,,-4696.381783,-3167.749511,,5603.840446
108,5672.52,,-1752.905081,5394.88711,,5637.328893,,-4589.165081,-3334.223599,,5603.215897
109,5679.62,,-1849.103401,5370.186212,,5638.847046,,-4475.601636,-3496.723228,,5602.624631
110,5685.8,,-1944.658131,5342.904303,,5640.35646,,-4355.575495,-3654.761791,,5602.068756
111,5691.2197,,-2039.550734,5313.211315,,5641.856673,,-4229.400471,-3808.169289,,5601.55033
112,5696.1396,,-2133.811451,5281.36867,,5643.34723,,-4097.459923,-3956.871052,,5601.071353
113,5700.9,,-2227.51909,5247.706119,,5644.827675,,-3960.177904,-4100.884268,,5600.633772
114,5705.82,,-2320.766073,5212.525943,,5646.297559,,-3817.938796,-4240.250608,,5600.239472
115,5711.06,,-2413.59825,5175.97815,,5647.756433,,-3670.998606,-4374.925777,,5599.890277
116,5716.3,,-2505.860986,5137.776407,,5649.203852,,-3519.305691,-4504.505871,,5599.587946
117,5720.94,,-2597.25241,5097.394864,,5650.639377,,-3362.684161,-4628.337684,,5599.334169
118,5724.7397,,-2687.602494,5054.645138,,5652.062569,,-3201.233814,-4746.024304,,5599.130567
119,5727.7197,,-2776.853613,5009.576527,,5653.472996,,-3035.229009,-4857.381787,,5598.978689
120,5729.96,,-2864.98,4962.290923,,5654.870227,,-2864.98,-4962.290923,,5598.880008
121,5731.32,,-2951.848019,4912.700094,,5656.253837,,-2690.691757,-5060.455198,,5598.835922
122,5731.9,,-3037.444231,4860.926882,,5657.623404,,-2512.699576,-5151.797594,,5598.847748
123,5731.9,,-3121.816485,4807.175828,,5658.978512,,-2331.373764,-5236.351209,,5598.916724
124,5731.4,,-3204.958207,4751.545943,,5660.318747,,-2147.02023,-5314.061544,,5599.044003
125,5730.32,,-3286.776525,4694.003342,,5661.643702,,-1959.884868,-5384.739419,,5599.230655
126,5728.7197,,-3367.256954,4634.631593,,5662.952972,,-1770.271743,-5448.336201,,5599.477663
127,5726.8,,-3446.474275,4573.625839,,5664.246159,,-1578.520009,-5504.95348,,5599.785924
128,5724.6196,,-3524.427749,4511.061805,,5665.522869,,-1384.910825,-5554.573932,,5600.156242
129,5722,,-3600.971278,4446.829191,,5666.782713,,-1189.670695,-5596.960571,,5600.589333
130,5718.88,,-3676.025205,4380.916245,,5668.025308,,-993.0730903,-5631.997363,,5601.085821
131,5715.48,,-3749.692259,4313.527512,,5669.250274,,-795.4410751,-5659.857342,,5601.646237
132,5711.78,,-3821.926815,4244.679751,,5670.457239,,-597.0435859,-5680.490272,,5602.271016
133,5707.48,,-3892.492,4174.186625,,5671.645835,,-398.1336788,-5693.576866,,5602.9605
134,5702.46,,-3961.261571,4102.006438,,5672.815699,,-199.012984,-5698.986215,,5603.714936
135,5696.88,,-4028.30248,4028.30248,,5673.966477,,-1.04693E-12,-5696.88,,5604.534473
136,5690.84,,-4093.647709,3953.189641,,5675.097816,,198.6074518,-5687.373294,,5605.419164
137,5684.08,,-4157.072948,3876.533238,,5676.209373,,396.5013773,-5670.233867,,5606.368966
138,5676.44,,-4218.417013,3798.279739,,5677.300808,,593.34955,-5645.343868,,5607.383736
139,5668.1997,,-4277.844616,3718.673591,,5678.371791,,788.8609291,-5613.03717,,5608.463236
140,5659.6396,,-4335.535466,3637.94621,,5679.421993,,982.7861028,-5573.656957,,5609.607128
141,5650.7397,,-4391.449537,3556.125718,,5680.451095,,1174.854845,-5527.25748,,5610.81498
142,5641.48,,-4445.546906,3473.2419,,5681.458784,,1364.797536,-5473.903934,,5612.086259
143,5632.08,,-4497.979083,3389.470356,,5682.444753,,1552.411639,-5413.902772,,5613.420338
144,5622.94,,-4549.054018,3305.081207,,5683.408702,,1737.584018,-5347.733728,,5614.816491
145,5614.1997,,-4598.883161,3220.172657,,5684.350336,,1920.169386,-5275.62203,,5616.2739
146,5606.06,,-4647.634374,3134.868968,,5685.269369,,2100.067039,-5197.84832,,5617.791648
147,5598.9,,-4695.632643,3049.379493,,5686.165522,,2277.277791,-5114.849663,,5619.368727
148,5592.92,,-4743.065158,2963.796051,,5687.03852,,2451.774754,-5026.883197,,5621.004033
149,5587.86,,-4789.730873,2877.960657,,5687.888099,,2623.341367,-4933.787536,,5622.696373
150,5583.52,,-4835.470163,2791.76,,5688.713999,,2791.76,-4835.470163,,5624.44446
151,5580.1797,,-4880.535135,2705.324801,,5689.515969,,2957.044721,-4732.260771,,5626.246919
152,5578,,-4925.081673,2618.712377,,5690.293764,,3119.178016,-4624.37158,,5628.102287
153,5576.38,,-4968.590961,2531.623543,,5691.047148,,3277.713925,-4511.386187,,5630.009015
154,5574.46,,-5010.291459,2443.682423,,5691.775892,,3431.980268,-4392.734426,,5631.965467
155,5572.2397,,-5050.164231,2354.930256,,5692.479772,,3581.766637,-4268.583258,,5633.969926
156,5570.4,,-5088.813617,2265.685797,,5693.158575,,3727.32513,-4139.613936,,5636.020593
157,5569.1396,,-5126.420031,2176.036201,,5693.812094,,3868.649439,-4006.103768,,5638.11559
158,5567.92,,-5162.485528,2085.779544,,5694.440129,,4005.226461,-3867.802234,,5640.252962
159,5566.4,,-5196.682086,1994.819354,,5695.042491,,4136.641357,-3724.648607,,5642.430677
160,5564.9,,-5229.295465,1903.307896,,5695.618994,,4262.960722,-3577.048769,,5644.646634
161,5563.6396,,-5260.52459,1811.343877,,5696.169464,,4384.207834,-3425.318564,,5646.89866
162,5562.3,,-5290.061661,1718.845228,,5696.693733,,4499.995228,-3269.437909,,5649.184513
163,5560.6797,,-5317.704443,1625.785403,,5697.19164,,4610.0124,-3109.492627,,5651.501888
164,5559.62,,-5344.24975,1532.438956,,5697.663036,,4714.825156,-2946.14974,,5653.848417
165,5559.94,,-5370.489639,1439.018362,,5698.107775,,4815.049284,-2779.97,,5656.22167
166,5561.32,,-5396.125028,1345.405076,,5698.525722,,4910.354107,-2610.881592,,5658.619164
167,5563.4,,-5420.810418,1251.492696,,5698.916751,,5000.350797,-2438.834038,,5661.038359
168,5567.76,,-5446.091085,1157.602396,,5699.280741,,5086.401857,-2264.612012,,5663.476665
169,5574.4,,-5471.982571,1063.645664,,5699.617583,,5168.493679,-2088.206994,,5665.931443
170,5580.28,,-5495.503008,969.0054529,,5699.927173,,5243.747938,-1908.568165,,5668.400012
171,5587.3,,-5518.511065,874.0462865,,5700.209417,,5313.838073,-1726.570653,,5670.879645
172,5598.52,,-5544.035588,779.1633892,,5700.464229,,5381.64283,-1543.161249,,5673.367581
173,5611.12,,-5569.295562,683.8235102,,5700.691532,,5444.445756,-1357.452787,,5675.86102
174,5622.7197,,-5591.917853,587.7342496,,5700.891257,,5499.849784,-1169.02916,,5678.357133
175,5634.8,,-5613.357885,491.1051792,,5701.063341,,5549.194727,-978.4727515,,5680.853061
176,5648.6997,,-5634.939751,394.0333723,,5701.207734,,5593.726943,-786.1470536,,5683.345919
177,5663.2197,,-5655.458454,296.3900184,,5701.324391,,5632.19599,-591.9676524,,5685.832804
178,5676.1,,-5672.642273,198.0930332,,5701.413277,,5662.273306,-395.9447206,,5688.310792
179,5686.38,,-5685.513937,99.24101492,,5701.474364,,5682.916011,-198.4518001,,5690.776944
180,5695,,-5695,6.97722E-13,,5701.507633,,5695,-1.39544E-12,,5693.228312
181,5703.02,,-5702.151402,-99.53142296,,5701.513076,,5699.545874,199.0325277,,5695.66194
182,5710.6997,,-5707.220896,-199.3005453,,5701.49069,,5696.788723,398.3582737,,5698.074868
183,5717.84,,-5710.003899,-299.248624,,5701.440481,,5686.517074,597.6770284,,5700.464136
184,5724.6997,,-5710.754619,-399.3348643,,5701.362466,,5668.987316,796.7242093,,5702.826786
185,5731.6797,,-5709.868928,-499.5488014,,5701.256668,,5644.602606,995.2957349,,5705.159869
186,5738.7397,,-5707.302283,-599.8616419,,5701.123119,,5613.334469,1193.151074,,5707.460446
187,5745.54,,-5702.713616,-700.2051873,,5700.96186,,5574.872907,1389.971928,,5709.725591
188,5752.04,,-5696.061542,-800.5292436,,5700.772939,,5529.215726,1585.477096,,5711.952399
189,5758.2397,,-5687.346214,-900.787147,,5700.556416,,5476.411389,1779.393925,,5714.137982
190,5763.98,,-5676.412192,-1000.904623,,5700.312354,,5416.369472,1971.397266,,5716.279481
191,5768.94,,-5662.948324,-1100.765646,,5700.04083,,5348.868026,2161.082961,,5718.374063
192,5773.1797,,-5647.021872,-1200.311553,,5699.741925,,5274.062091,2348.163731,,5720.418929
193,5776.98,,-5628.916377,-1299.537742,,5699.415731,,5192.31523,2532.461348,,5722.411314
194,5780.5,,-5608.794446,-1398.429518,,5699.062347,,5103.878561,2713.780369,,5724.348491
195,5783.6196,,-5586.547541,-1496.910902,,5698.68188,,5008.761499,2891.8098,,5726.227779
196,5786.2197,,-5562.071362,-1594.898298,,5698.274447,,4906.992601,3066.229286,,5728.046541
197,5788.36,,-5535.436197,-1692.352681,,5697.840171,,4798.767923,3236.809835,,5729.802187
198,5789.96,,-5506.579187,-1789.196037,,5697.379186,,4684.176037,3403.253099,,5731.492182
199,5790.76,,-5475.271147,-1885.287046,,5696.89163,,4563.181152,3565.147845,,5733.114046
200,5790.92,,-5441.684792,-1980.611288,,5696.377654,,4436.102087,3722.331625,,5734.665357
201,5790.82,,-5406.196205,-2075.24429,,5695.837413,,4303.417918,3874.814898,,5736.143757
202,5790.6597,,-5369.006181,-2169.219304,,5695.271072,,4165.451992,4022.530231,,5737.546949
203,5790.2397,,-5329.943747,-2262.426892,,5694.678803,,4022.238475,4165.14987,,5738.872707
204,5789.44,,-5288.916614,-2354.777391,,5694.060787,,3873.891498,4302.392378,,5740.118874
205,5788.48,,-5246.144499,-2446.317356,,5693.417212,,3720.763223,4434.232938,,5741.283368
206,5787.8,,-5202.040181,-2537.204523,,5692.748274,,3563.325487,4560.84864,,5742.364181
207,5787.6997,,-5156.878193,-2627.560679,,5692.054178,,3401.924528,4682.347416,,5743.359386
208,5788.56,,-5110.995118,-2717.564309,,5691.335134,,3236.921673,4798.933731,,5744.267136
209,5790.44,,-5064.432937,-2807.261017,,5690.591361,,3068.465704,4910.571618,,5745.085667
210,5792.7397,,-5016.659738,-2896.36985,,5689.823086,,2896.36985,5016.659738,,5745.813304
211,5794.36,,-4966.73592,-2984.31602,,5689.030543,,2720.287245,5116.116214,,5746.448457
212,5794.44,,-4913.96381,-3070.585381,,5688.213973,,2540.115308,5208.008174,,5746.989629
213,5792.76,,-4858.217319,-3154.963216,,5687.373625,,2356.127757,5291.949585,,5747.435414
214,5789.32,,-4799.5638,-3237.34666,,5686.509756,,2168.717443,5367.764033,,5747.7845
215,5784.02,,-4737.991807,-3317.577579,,5685.622628,,1978.251349,5435.200912,,5748.035675
216,5777.2397,,-4673.885098,-3395.776295,,5684.712511,,1785.265248,5494.481463,,5748.18782
217,5769.76,,-4607.93522,-3472.328248,,5683.779683,,1590.36139,5546.249283,,5748.239918
218,5762.02,,-4540.533722,-3547.453734,,5682.824428,,1393.958801,5590.863381,,5748.191055
219,5753.84,,-4471.573519,-3621.008839,,5681.847037,,1196.290603,5628.104791,,5748.040417
220,5744.96,,-4400.894684,-3692.789106,,5680.847807,,997.6018348,5657.681149,,5747.787293
221,5735.54,,-4328.666986,-3762.852803,,5679.827043,,798.2328875,5679.722119,,5747.43108
222,5725.92,,-4255.187819,-3831.388322,,5678.785056,,598.5216184,5694.552811,,5746.971279
223,5716.06,,-4180.46164,-3898.343546,,5677.722163,,398.7321893,5702.135965,,5746.407498
224,5705.98,,-4104.538514,-3963.706769,,5676.638688,,199.1358302,5702.504071,,5745.739452
225,5696.04,,-4027.70851,-4027.70851,,5675.534962,,1.74462E-12,5696.04,,5744.966965
226,5686.3,,-3950.035892,-4090.381907,,5674.411319,,-198.4490081,5682.83606,,5744.089971
227,5676.3,,-3871.227291,-4151.383017,,5673.268103,,-395.9586719,5662.472818,,5743.10851
228,5665.42,,-3790.90592,-4210.227557,,5672.105662,,-592.1976464,5634.384236,,5742.022735
229,5653.76,,-3709.200296,-4266.946836,,5670.92435,,-786.8513113,5598.737996,,5740.832905
230,5641.86,,-3626.517704,-4321.915502,,5669.724527,,-979.6987077,5556.147469,,5739.539391
231,5630.2397,,-3543.22465,-4375.518045,,5668.506557,,-1170.592656,5507.205454,,5738.142673
232,5619.36,,-3459.623468,-4428.116108,,5667.270813,,-1359.446223,5452.440992,,5736.643339
233,5610.1396,,-3376.266293,-4480.456701,,5666.017671,,-1546.364045,5392.812306,,5735.042086
234,5603.58,,-3293.701684,-4533.391449,,5664.747512,,-1731.601449,5329.321274,,5733.339722
235,5600.06,,-3212.062458,-4587.300597,,5663.460723,,-1915.333324,5262.335058,,5731.537159
236,5599.42,,-3131.155928,-4642.129565,,5662.157696,,-2097.579651,5191.691819,,5729.635417
237,5601.46,,-3050.773769,-4697.77964,,5660.838828,,-2278.319037,5117.188339,,5727.635623
238,5605.86,,-2970.653207,-4754.0389,,5659.504521,,-2457.447277,5038.513592,,5725.539008
239,5611.56,,-2890.16706,-4810.045738,,5658.155182,,-2634.467843,4954.713394,,5723.346908
240,5617.38,,-2808.69,-4864.793783,,5656.791221,,-2808.69,4864.793783,,5721.06076
241,5623.02,,-2726.094191,-4918.004106,,5655.413053,,-2979.746621,4768.591406,,5718.682104
242,5629.08,,-2642.692985,-4970.182636,,5654.0211,,-3147.741589,4666.718819,,5716.212577
243,5635.8,,-2558.599658,-5021.534569,,5652.615783,,-3312.640125,4559.457977,,5713.653917
244,5642.42,,-2473.474126,-5071.373503,,5651.197533,,-3473.820622,4446.287636,,5711.007957
245,5648.1396,,-2387.00694,-5118.952902,,5649.76678,,-3630.554153,4326.725955,,5708.276626
246,5653.08,,-2299.314782,-5164.345556,,5648.323961,,-3782.648848,4201.05715,,5705.461942
247,5657.86,,-2210.702023,-5208.08759,,5646.869514,,-3930.279808,4069.923883,,5702.566018
248,5662.44,,-2121.187359,-5250.122945,,5645.403884,,-4073.218459,3933.461343,,5699.591052
249,5666.26,,-2030.605978,-5289.909427,,5643.927516,,-4210.851799,3791.46799,,5696.53933
250,5669.2197,,-1938.987334,-5327.323918,,5642.440861,,-4342.874248,3644.10418,,5693.41322
251,5672.02,,-1846.629083,-5363.000271,,5640.94437,,-4469.612755,3492.044201,,5690.215174
252,5675.12,,-1753.708525,-5397.359857,,5639.438501,,-4591.268525,3335.751841,,5686.94772
253,5678.08,,-1660.109929,-5429.974909,,5637.92371,,-4707.34166,3175.142041,,5683.613463
254,5680.1797,,-1565.669713,-5460.139172,,5636.400461,,-4817.06558,3010.036647,,5680.21508
255,5681.48,,-1470.475228,-5487.888264,,5634.869217,,-4920.306011,2840.74,,5676.755322
256,5682.84,,-1374.803425,-5514.035365,,5633.330445,,-5017.649899,2667.931776,,5673.237003
257,5684.6597,,-1278.770193,-5538.96224,,5631.784613,,-5109.338294,2491.990792,,5669.663004
258,5686.44,,-1182.277355,-5562.177643,,5630.232191,,-5194.821432,2312.883517,,5666.036268
259,5687.46,,-1085.218529,-5582.965341,,5628.673654,,-5273.321085,2130.560016,,5662.359793
260,5687.9,,-987.6934698,-5601.488018,,5627.109475,,-5344.877658,1945.376373,,5658.636636
261,5688.5,,-889.8774544,-5618.465125,,5625.540132,,-5410.084993,1757.843173,,5654.869903
262,5689.76,,-791.8615429,-5634.387647,,5623.966101,,-5469.348347,1568.310402,,5651.062749
263,5691.32,,-693.5974315,-5648.897764,,5622.387863,,-5522.263473,1376.854923,,5647.218375
264,5692.48,,-595.0261866,-5661.295999,,5620.805899,,-5568.085654,1183.533142,,5643.340023
265,5692.82,,-496.1619554,-5671.157101,,5619.22069,,-5606.333273,988.5478188,,5639.430971
266,5692.5,,-397.0887268,-5678.633356,,5617.632719,,-5637.100981,792.2428772,,5635.494534
267,5691.8,,-297.8857957,-5683.999586,,5616.04247,,-5660.619724,594.9551072,,5631.534057
268,5690.92,,-198.6102438,-5687.453245,,5614.450427,,-5677.057205,396.9785116,,5627.552912
269,5690.04,,-99.30489072,-5689.173379,,5612.857075,,-5686.573781,198.5795322,,5623.554495
270,5689.4,,-1.04555E-12,-5689.4,,5611.2629,,-5689.4,2.09111E-12,,5619.542222
271,5688.8,,99.28324974,-5687.933568,,5609.668387,,-5685.334537,-198.5362568,,5615.519523
272,5687.7397,,198.4992529,-5684.274883,,5608.074022,,-5673.884652,-396.756665,,5611.489844
273,5685.8,,297.57178,-5678.007809,,5606.480291,,-5654.652593,-594.3279364,,5607.456637
274,5683.1396,,396.4357783,-5669.295758,,5604.887678,,-5627.831676,-790.9401613,,5603.423359
275,5680.26,,495.0672793,-5658.644896,,5603.29667,,-5593.964087,-986.3667977,,5599.393469
276,5677.44,,593.4540785,-5646.33839,,5601.70775,,-5553.374314,-1180.40615,,5595.370423
277,5674.46,,691.5427144,-5632.163436,,5600.121403,,-5505.904287,-1372.77612,,5591.357671
278,5671.28,,789.289624,-5616.087493,,5598.538112,,-5451.584231,-1563.216623,,5587.358653
279,5668.2397,,886.7080452,-5598.454263,,5596.95836,,-5390.816303,-1751.582395,,5583.376793
280,5665.6997,,983.8384281,-5579.624991,,5595.382627,,-5324.0162,-1937.783423,,5579.4155
281,5663.44,,1080.635297,-5559.386656,,5593.811393,,-5251.050129,-2121.561965,,5575.478159
282,5661.06,,1177.000556,-5537.352257,,5592.245137,,-5171.635648,-2302.560541,,5571.568133
283,5658.6997,,1272.930464,-5513.667593,,5590.684336,,-5086.0056,-2480.610677,,5567.688754
284,5656.98,,1368.547325,-5488.943518,,5589.129467,,-4994.816874,-2655.791241,,5563.843322
285,5655.52,,1463.756286,-5462.812829,,5587.581001,,-4897.823992,-2827.76,,5560.035102
286,5653.76,,1558.387457,-5434.742926,,5586.039411,,-4794.660404,-2996.036339,,5556.267317
287,5652.6997,,1652.689448,-5405.703607,,5584.505167,,-4686.300438,-3160.949558,,5552.543151
288,5652.1797,,1746.619583,-5375.542335,,5582.978735,,-4572.709433,-3322.267871,,5548.865739
289,5650.7197,,1839.694384,-5342.860442,,5581.460581,,-4452.827889,-3478.930427,,5545.238166
290,5648.92,,1932.044428,-5308.248439,,5579.951168,,-4327.323776,-3631.055784,,5541.663464
291,5647.4,,2023.847158,-5272.302101,,5578.450954,,-4196.836087,-3778.848186,,5538.14461
292,5645.1997,,2114.729029,-5234.138018,,5576.960398,,-4060.816825,-3921.485225,,5534.684521
293,5641.82,,2204.434695,-5193.322692,,5575.479952,,-3919.137488,-4058.385672,,5531.286049
294,5637.26,,2292.880209,-5149.893267,,5574.010069,,-3772.063202,-4189.300599,,5527.951982
295,5630.76,,2379.662003,-5103.201635,,5572.551195,,-3619.382761,-4313.412409,,5524.68504
296,5621.6597,,2464.37341,-5052.714269,,5571.103776,,-3461.039305,-4429.928297,,5521.487869
297,5610.44,,2547.086459,-4998.938644,,5569.668251,,-3297.733891,-4538.941306,,5518.363043
298,5598.1,,2628.148756,-4942.82892,,5568.245059,,-3130.417793,-4641.035235,,5515.313057
299,5584.92,,2707.622944,-4884.681095,,5566.834632,,-2959.556697,-4736.280773,,5512.340326
300,5570.46,,2785.23,-4824.159871,,5565.437401,,-2785.23,-4824.159871,,5509.447183
301,5553.96,,2860.500867,-4760.672901,,5564.053791,,-2607.426281,-4903.855613,,5506.635877
302,5534.78,,2932.986545,-4693.759642,,5562.684224,,-2426.287856,-4974.627312,,5503.908568
303,5512.7397,,3002.45323,-4623.372535,,5561.329116,,-2242.23324,-5036.138312,,5501.267328
304,5488.42,,3069.085515,-4550.106394,,5559.988881,,-2055.998319,-5088.774411,,5498.714136
305,5463.2197,,3133.574087,-4475.207586,,5558.663926,,-1868.531185,-5133.747238,,5496.250879
306,5438.84,,3196.869942,-4400.11399,,5557.354656,,-1680.69399,-5172.644223,,5493.879347
307,5416.98,,3260.019944,-4326.192585,,5556.061469,,-1493.122044,-5207.135382,,5491.601233
308,5398.6797,,3323.759109,-4254.217659,,5554.784759,,-1306.058827,-5238.31584,,5489.418131
309,5384.04,,3388.286158,-4184.184942,,5553.524915,,-1119.40486,-5266.385808,,5487.331534
310,5372.52,,3453.389289,-4115.589092,,5552.28232,,-932.9283075,-5290.899349,,5485.342834
311,5363.56,,3518.811966,-4047.930116,,5551.057354,,-746.4632774,-5311.362203,,5483.453317
312,5356.6597,,3584.304953,-3980.773938,,5549.850389,,-559.9234067,-5327.315358,,5481.664166
313,5350.88,,3649.291385,-3913.385895,,5548.661793,,-373.2585202,-5337.845525,,5479.976459
314,5344.98,,3712.935097,-3844.856846,,5547.491928,,-186.5371119,-5341.723983,,5478.391165
315,5338.08,,3774.592567,-3774.592567,,5546.341151,,-2.28898E-12,-5338.08,,5476.909148
316,5330.06,,3834.124296,-3702.570794,,5545.209812,,186.0164114,-5326.813071,,5475.53116
317,5321.38,,3891.810961,-3629.172433,,5544.098255,,371.2007043,-5308.417386,,5474.257848
318,5312.96,,3948.298732,-3555.064146,,5543.006819,,555.3555442,-5283.855049,,5473.089747
319,5306.06,,4004.534315,-3481.088571,,5541.935837,,738.4608241,-5254.421789,,5472.027282
320,5302.32,,4061.812772,-3408.265599,,5540.885635,,920.7382054,-5221.765845,,5471.070771
321,5303.96,,4121.951094,-3337.890181,,5539.856533,,1102.755292,-5188.055748,,5470.220417
322,5314.32,,4187.741308,-3271.822092,,5538.848844,,1285.650368,-5156.461984,,5469.476318
323,5336.44,,4261.870481,-3211.549762,,5537.862875,,1470.922211,-5129.715365,,5468.838459
324,5369.6,,4344.097653,-3156.171691,,5536.898926,,1659.297653,-5106.79307,,5468.306716
325,5407.1597,,4429.285922,-3101.419392,,5535.957292,,1849.357536,-5081.06807,,5467.880856
326,5439.98,,4509.947814,-3041.998211,,5535.038258,,2037.852376,-5043.861625,,5467.560537
327,5463.42,,4582.009554,-2975.591797,,5534.142106,,2222.173111,-4991.082524,,5467.345311
328,5479.92,,4647.235723,-2903.915174,,5533.269107,,2402.238815,-4925.31947,,5467.23462
329,5494.48,,4709.68859,-2829.866402,,5532.419529,,2579.502112,-4851.33789,,5467.227802
330,5509.2397,,4771.141536,-2754.61985,,5531.593629,,2754.61985,-4771.141536,,5467.324089
331,5522.6597,,4830.227009,-2677.438552,,5530.791659,,2926.563765,-4683.481044,,5467.522608
332,5532.44,,4884.854581,-2597.323253,,5530.013863,,3093.701187,-4586.600628,,5467.822386
333,5537.96,,4934.358491,-2514.181228,,5529.260479,,3255.131216,-4480.303754,,5468.222346
334,5539.82,,4979.157234,-2428.497246,,5528.531736,,3410.653754,-4365.437733,,5468.721312
335,5538.6997,,5019.766668,-2340.75564,,5527.827856,,3560.207541,-4242.890127,,5469.31801
336,5535.1797,,5056.638272,-2251.36041,,5527.149053,,3703.758149,-4113.440152,,5470.011072
337,5529.5,,5089.931587,-2160.547775,,5526.495534,,3841.113459,-3977.589426,,5470.799031
338,5521,,5118.982061,-2068.203002,,5525.867498,,3971.475038,-3835.208863,,5471.680331
339,5508.26,,5142.40372,-1973.983842,,5525.265137,,4093.434916,-3685.745354,,5472.653324
340,5490.28,,5159.175602,-1877.786352,,5524.688634,,4205.798485,-3529.083958,,5473.716274
341,5467.6997,,5169.811632,-1780.1089,,5524.138164,,4308.606161,-3366.252064,,5474.86736
342,5442.36,,5175.991942,-1681.78173,,5523.613895,,4402.96173,-3198.938946,,5476.104676
343,5416.34,,5179.671702,-1583.584559,,5523.115987,,4490.349366,-3028.778891,,5477.426235
344,5391.88,,5183.007713,-1486.203546,,5522.644592,,4572.573569,-2857.261082,,5478.829973
345,5371.6396,,5188.605419,-1390.282632,,5522.199853,,4651.976354,-2685.8198,,5480.313749
346,5357.78,,5198.631036,-1296.164294,,5521.781906,,4730.638954,-2515.32535,,5481.875347
347,5350.46,,5213.328057,-1203.591618,,5521.390877,,4808.961593,-2345.487286,,5483.512485
348,5347.7397,,5230.878757,-1111.857603,,5521.026887,,4885.403312,-2175.121694,,5485.22281
349,5347.6,,5249.349526,-1020.370184,,5520.690045,,4958.208381,-2003.246219,,5487.003906
350,5349.54,,5268.268467,-928.9378724,,5520.380455,,5026.923263,-1829.650438,,5488.853294
351,5354.36,,5288.438943,-837.6064422,,5520.098211,,5092.298969,-1654.588234,,5490.768439
352,5362.76,,5310.569988,-746.3519389,,5519.843398,,5155.015773,-1478.176986,,5492.74675
353,5374.6597,,5334.597802,-655.0062487,,5519.616096,,5215.009337,-1300.247863,,5494.785584
354,5389.32,,5359.796741,-563.3373377,,5519.416371,,5271.550428,-1120.502634,,5496.882248
355,5405.84,,5385.269147,-471.1500004,,5519.244286,,5323.713144,-938.7142648,,5499.034006
356,5423.44,,5410.228773,-378.32005,,5519.099894,,5370.659455,-754.7969627,,5501.238079
357,5441.58,,5434.122504,-284.7902928,,5518.983237,,5411.770455,-568.7999951,,5503.49165
358,5459.94,,5456.613952,-190.549158,,5518.894351,,5446.639861,-380.8661613,,5505.791866
359,5478.28,,5477.445631,-95.60916914,,5518.833264,,5474.94278,-191.1892148,,5508.135845
,,,,,,,,,,,
a0,5610.153814,,,,,,,,,,
a1,-91.35381954,,,,,,,,,,
b1,-1.109086447,,,,,,,,,,
a2,-8.279321259,,,,,,,,,,
b2,69.43200361,,,,,,,,,,
